file,synopsis,genres,amazon_rating,global_ratings,error,imdb-rating-badge,runtime-badge,release-year-badge,rating-badge,link,x-ray-badge,hdr-badge,uhd-badge
1019_Heart_of_Gold.html,"Shot over the span of two nights at Ryman Auditorium in Nashville, this in-depth look into Neil Young's 2005 concert combines intimate interviews with Young himself and the premieres of various songs from Young's acclaimed album, 'Prairie Wind.'","Documentary,Music Videos and Concerts",Rated 4.7 out of 5 stars by 1039 Amazon customers.,"1,039",1,IMDb 7.7,1 h 43 min,2006,PG,/gp/video/detail/B000L9GOL4/ref=atv_dp_atf_prime_sd_mv_play_t1B3AAAAAA0wr0?autoplay=1&t=0,X-Ray,,
1041_Along_Came_Jones.html,"Gary Cooper (1952's ""High Noon"") gives a marvelous, tongue-in-cheek performance as a fumble-fingered cowpoke who is mistaken for a notorious bandit and almost gets killed by both sides of the law   all while managing to capture the attention of Loretta Young. William Demarest co-stars as Cooper's trusty sidekick and Dan Duryea plays the villainous Monte Jarred for whom Cooper is mistaken.","Comedy,Western",Rated 4.4 out of 5 stars by 182 Amazon customers.,182,1,IMDb 6.4,1 h 30 min,1945,16+,/gp/video/detail/B001NUFWUY/ref=atv_dp_atf_prime_sd_mv_play_t1B3AAAAAA0wr0?autoplay=1&t=0,X-Ray,,
1046_The_Couch_Trip.html,"A mental patient sent to jail for computer fraud cons his way into a mental facility for men, where he takes over the psychiatric practice of a million-dollar-a-year shrink who is about to have a breakdown.",Comedy,Rated 4.4 out of 5 stars by 136 Amazon customers.,136,1,IMDb 5.8,1 h 38 min,1988,R,/gp/video/detail/B08DTVZBN7/ref=atv_dp_atf_prime_sd_mv_play_t1ADAAAAAA0wr0?autoplay=1&t=0,X-Ray,,
1083_Win_a_Date_with_Tad_Hamilton.html,"A small-town girl wins a date with a male celebrity through a contest. When the date goes better than expected, a love triangle forms between the girl, the male celebrity, and the girl's best friend.","Comedy,Romance",Rated 4.5 out of 5 stars by 813 Amazon customers.,813,1,IMDb 5.6,1 h 36 min,2004,PG-13,/gp/video/detail/B00EX0462Q/ref=atv_dp_atf_prime_sd_mv_play_t1B3AAAAAA0wr0?autoplay=1&t=0,X-Ray,,
1085_The_Making_Of_A_Night_At_The_Opera_Classic_Album.html,"'A Night At The Opera' was one of the most expensive, expansive and creative albums of its time and it confirmed Queen as a global rock phenomenon. It was their  'Sgt. Pepper', the album that propelled them into rock and roll history, and is a truly classic album.","Documentary,Music Videos and Concerts",Rated 4.5 out of 5 stars by 5 Amazon customers.,5,1,IMDb 8.4,49min,2002,13+,/gp/video/detail/B09FRHMQZX/ref=atv_dp_atf_prime_sd_mv_resume_t1A3AAAAAA0wr0?autoplay=1&t=0,X-Ray,,
1245_Khartoum.html,"This exhilarating military spectacle, highlighted by powerful performances from Laurence Olivier and Charlton Heston, chronicles Britain's 1883 crisis in the Sudan and the siege of Khartoum.","Drama,Historical",Rated 4.6 out of 5 stars by 1427 Amazon customers.,"1,427",1,IMDb 6.8,2 h 16 min,1966,18+,/gp/video/detail/B00HVMMQR0/ref=atv_dp_atf_prime_sd_mv_play_t1A3AAAAAA0wr0?autoplay=1&t=0,X-Ray,,
1257_Saw_II.html,A detective and his team must rescue eight people trapped in a factory by the twisted serial killer known as Jigsaw.,"Suspense,Horror",Rated 4.5 out of 5 stars by 3118 Amazon customers.,"3,118",1,IMDb 6.6,1 h 32 min,2005,R,/gp/video/detail/B000QCM9OM/ref=atv_dp_atf_prime_sd_mv_play_t1B3AAAAAA0wr0?autoplay=1&t=0,X-Ray,,
1331_Within_Our_Gates.html,A woman's past comes back to haunt her.,"Drama,Romance",Rated 4.1 out of 5 stars by 61 Amazon customers.,61,1,IMDb 6.4,1 h 19 min,1920,16+,/gp/video/detail/B01C6D1CS2/ref=atv_dp_atf_prime_sd_mv_play_t1BDAAAAAA0wr0?autoplay=1&t=0,X-Ray,,
1433_Saw_III.html,Jigsaw abducts a doctor in order to keep himself alive while he watches his new apprentice put an unlucky individual through a brutal test.,"Suspense,Horror",Rated 4.5 out of 5 stars by 2527 Amazon customers.,"2,527",1,IMDb 6.2,1 h 48 min,2006,R,/gp/video/detail/B000N38DYY/ref=atv_dp_atf_prime_sd_mv_play_t1B3AAAAAA0wr0?autoplay=1&t=0,X-Ray,,
1436_Chinatown.html,"Private detective J.J. Gittes is hired to investigate and expose a common case of adultery. The investigation becomes increasingly more complicated as he becomes immersed in a world of lies, deceit, dishonesty, and murder.","Suspense,Drama",Rated 4.6 out of 5 stars by 4629 Amazon customers.,"4,629",1,IMDb 8.2,2 h 5 min,1974,R,/gp/video/detail/B000HZM4FW/ref=atv_dp_atf_prime_sd_mv_play_t1B3AAAAAA0wr0?autoplay=1&t=0,X-Ray,HDR,UHD
151_Shake_Hands_With_the_Devil.html,Based on a book by Romeo Dallaire.,"Drama,Historical,Military and War",Rated 4.5 out of 5 stars by 132 Amazon customers.,132,1,IMDb 7.6,1 h 52 min,2007,R,/gp/video/detail/B09PV5RWDZ/ref=atv_dp_atf_prime_sd_mv_play_t1A3AAAAAA0wr0?autoplay=1&t=0,X-Ray,,
1604_Ace_Ventura_Pet_Detective.html,"Zany private detective Ace Ventura, who specializes in recovering lost animals, takes on a case to find the Miami Dolphins' missing mascot. When the team's star player is kidnapped, Ace must close in on the culprits in time for the Super Bowl.",Comedy,Rated 4.7 out of 5 stars by 8815 Amazon customers.,"8,815",1,IMDb 6.9,1 h 25 min,1994,13+,/gp/video/detail/B07623P47X/ref=atv_dp_atf_prime_sd_mv_play_t1B3AAAAAA0wr0?autoplay=1&t=0,X-Ray,,
1647_Adios_Sabata.html,"Under the brutal rule of local garrison leader Colonel Skimmel and European tyranny, a group of Mexican revolutionaries hire gunslinger Sabata (Yul Brynner) to rob a transport of Austrian gold in order to buy weapons. But Colonel Skimmel has other plans, taking the gold for himself and blaming the revolutionaries, but no scheming colonel is going to keep Sabata from earning his pay.",Adventure,Rated 4.2 out of 5 stars by 100 Amazon customers.,100,1,IMDb 5.9,1 h 45 min,1971,PG,/gp/video/detail/B001MKVDMG/ref=atv_dp_atf_prime_sd_mv_play_t1A3AAAAAA0wr0?autoplay=1&t=0,X-Ray,,
1684_633_Squadron.html,A WWII Royal Air Force squadron prepare for an important and dangerous mission   to demolish a Nazi-run munitions factory deep in the fjords of Norway - an installation which is a source of fuel for German rocket-launching. Based on the novel by Frederick E. Smith.,"Drama,Action",Rated 4.3 out of 5 stars by 941 Amazon customers.,941,1,IMDb 6.4,1 h 34 min,1964,13+,/gp/video/detail/B001NTPYSK/ref=atv_dp_atf_prime_sd_mv_play_t1A3AAAAAA0wr0?autoplay=1&t=0,X-Ray,,
1699_The_Octagon.html,Chuck Norris is back in this action-packed martial arts showcase co-starring the legendary Lee Van Cleef. Norris takes on his adoptive brother and a training camp where terrorists are being taught the secret killing techniques of the ninja!,"Suspense,Drama",Rated 4.3 out of 5 stars by 288 Amazon customers.,288,1,IMDb 5.0,1 h 44 min,1980,R,/gp/video/detail/B079WQCB4R/ref=atv_dp_atf_prime_sd_mv_play_t1ADAAAAAA0wr0?autoplay=1&t=0,X-Ray,,
1719_Red.html,HD. Brian Cox (HBO's ''Succession'') stars as a reclusive widower who seeks justice after three teens kill his beloved dog for no reason.,"Suspense,Drama",Rated 4.3 out of 5 stars by 1017 Amazon customers.,"1,017",1,IMDb 6.9,1 h 33 min,2008,R,/gp/video/detail/B001MVR9CI/ref=atv_dp_atf_prime_sd_mv_play_t1A3AAAAAA0wr0?autoplay=1&t=0,X-Ray,,
1724_Feast_of_Love.html,"An Oregon town is the backdrop for this tale of men and women touched by love's inescapable spell: From hopeless romantic Bradley (Greg Kinnear) to Harry (Morgan Freeman), a local professor with the wisdom and experience to guide those close to him.","Drama,Romance",Rated 4.2 out of 5 stars by 543 Amazon customers.,543,1,IMDb 6.6,1 h 41 min,2007,R,/gp/video/detail/B0015UYTZG/ref=atv_dp_atf_prime_sd_mv_play_t1ATAAAAAA0wr0?autoplay=1&t=0,X-Ray,,
1725_Cherry_2000.html,"David Andrews plays a young man of the future whose robot/companion suffers an internal meltdown. To replace the parts, Andrews must enter the lawless zone, where he is forced to team up with a real woman when his life is threatened.","Science Fiction,Comedy",Rated 4.5 out of 5 stars by 935 Amazon customers.,935,1,IMDb 5.5,1 h 38 min,1988,PG-13,/gp/video/detail/B003U957YC/ref=atv_dp_atf_prime_sd_mv_play_t1A3AAAAAA0wr0?autoplay=1&t=0,X-Ray,,
1729_Interiors.html,"Diane Keaton and Mary Beth Hurt star in Woody Allen's bold and compelling drama about a repressed, crisis-ridden family struggling to come to terms with each other and the world around them.",Drama,Rated 4.4 out of 5 stars by 389 Amazon customers.,389,1,IMDb 7.3,1 h 31 min,1978,PG,/gp/video/detail/B001BLXUPY/ref=atv_dp_atf_prime_sd_mv_play_t1A3AAAAAA0wr0?autoplay=1&t=0,X-Ray,,
1731_Dead_Like_Me_Life_After_Death.html,"After the departure of Rube Sofer, a new head reaper named Cameron Kane takes over. He's a slick businessman who couldn't care less about helping the newly dead. Chaos ensues and brings out the worst in Daisy and Mason who begin drinking anew. George and Reggie re-connect for the first time when George reaps a new friend of Reggie's.",Comedy,Rated 4.4 out of 5 stars by 2506 Amazon customers.,"2,506",1,IMDb 6.0,1 h 27 min,2009,R,/gp/video/detail/B001XK0STO/ref=atv_dp_atf_prime_sd_mv_play_t1A3AAAAAA0wr0?autoplay=1&t=0,X-Ray,,
1737_Dream_Lover.html,"Architect Ray Reardon lives in a glittery dream world of upscale success.  On the rebound from a recent divorce, Ray meets Lena Mathers and falls in love - but his dream turns to a nightmare as Lena leads him to the edge.  As Ray is about to discover, there's only one place to go when you reach the edge...and from some dreams, there can be no awakening.","Suspense,Drama",Rated 4.1 out of 5 stars by 250 Amazon customers.,250,1,IMDb 6.2,1 h 43 min,1994,R,/gp/video/detail/B08F1PHX4P/ref=atv_dp_atf_prime_sd_mv_play_t1ADAAAAAA0wr0?autoplay=1&t=0,X-Ray,,
1738_Eve_Of_Destruction.html,"After an unexpected mishap during testing, Eve VIII, a sophisticated android, begins killing anything she perceives as a threat. Now, a terrorism expert must find and deactivate her before she realizes her ultimate capability: nuclear annihilation!","Science Fiction,Drama,Action",Rated 4.4 out of 5 stars by 157 Amazon customers.,157,1,IMDb 4.9,1 h 40 min,1991,R,/gp/video/detail/B0B8TGMPKD/ref=atv_dp_atf_prime_sd_mv_play_t1ADAAAAAA0wr0?autoplay=1&t=0,X-Ray,,
1747_Salvador.html,Compelling drama based on the real experiences of journalist Richard Boyle in strife-ridden El Salvador in 1980-81.,"Suspense,Drama",Rated 4.5 out of 5 stars by 587 Amazon customers.,587,1,IMDb 7.4,2 h 2 min,1986,R,/gp/video/detail/B008HB30P6/ref=atv_dp_atf_prime_sd_mv_play_t1A3AAAAAA0wr0?autoplay=1&t=0,X-Ray,,
1750_The_Care_Bears_Movie.html,The Care Bears leave their cloud home in Care-A-Lot to try and teach earthlings how to share their feelings of love and caring for each other.,"Comedy,Animation",Rated 4.7 out of 5 stars by 1145 Amazon customers.,"1,145",1,IMDb 5.6,1 h 16 min,1985,G,/gp/video/detail/B07NK5J411/ref=atv_dp_atf_prime_sd_mv_play_t1ADAAAAAA0wr0?autoplay=1&t=0,X-Ray,,
1760_The_Private_Life_of_Sherlock_Holmes.html,From the collaborative genius of writer/director Billy Wilder comes this highly entertaining mystery that unfolds from Dr. Watson's (Colin Blakely) diary involving the great Sherlock Holmes (Robert Stephens).,"Comedy,Suspense",Rated 4.3 out of 5 stars by 598 Amazon customers.,598,1,IMDb 7.0,2 h 5 min,1970,PG-13,/gp/video/detail/B001EYSCF6/ref=atv_dp_atf_prime_sd_mv_play_t1A3AAAAAA0wr0?autoplay=1&t=0,X-Ray,,
1761_Criminal_Law.html,"Attorney Oldman successfully defends accused killer Kevin Bacon. It is only after proving his client's innocence by discrediting eyewitness, that Oldman discovers Bacon is guilty--and intends to kill again.","Suspense,Drama",Rated 3.8 out of 5 stars by 412 Amazon customers.,412,1,IMDb 5.6,1 h 53 min,1989,R,/gp/video/detail/B00A2YGDAU/ref=atv_dp_atf_prime_sd_mv_play_t1A3AAAAAA0wr0?autoplay=1&t=0,X-Ray,,
1763_Comes_A_Horseman.html,"A ruthless cattle baron (Jason Robards, Jr.) stops at nothing to acquire the land bordering his property. A woman rancher (Jane Fonda) reluctantly joins forces with an ex-soldier (James Caan) to resist the powerful forces of the land-greedy baron.","Drama,Western",Rated 4.6 out of 5 stars by 292 Amazon customers.,292,1,IMDb 6.3,1 h 58 min,1978,PG,/gp/video/detail/B0039RME9G/ref=atv_dp_atf_prime_sd_mv_play_t1A3AAAAAA0wr0?autoplay=1&t=0,X-Ray,,
1765_Kiss_Me_Stupid.html,"In this comic gem from the legendary Billy Wilder and his long-time writing partner I.A.L. Diamond, Dean Martin is a famous singer targeted by two would-be songwriters who encourage a waitress (Kim Novak) to coerce Dino into a song-buying mood.","Comedy,Romance",Rated 3.9 out of 5 stars by 142 Amazon customers.,142,1,IMDb 6.9,2 h 4 min,1964,PG-13,/gp/video/detail/B001NVB5YA/ref=atv_dp_atf_prime_sd_mv_play_t1A3AAAAAA0wr0?autoplay=1&t=0,X-Ray,,
1770_Kings_of_the_Sun.html,"Yul Brynner (""Invitation to a Gunfighter"") and George Chakiris (""West Side Story"") shine as the kings of two clashing cultures forced to form an alliance against a mutual threat in this gripping historical saga. Directed by J. Lee Thompson.","Suspense,Drama",Rated 4.1 out of 5 stars by 489 Amazon customers.,489,1,IMDb 6.1,1 h 47 min,1963,7+,/gp/video/detail/B004BYEZY8/ref=atv_dp_atf_prime_sd_mv_play_t1A3AAAAAA0wr0?autoplay=1&t=0,X-Ray,,
177_Saw_4_Unrated.html,"Jigsaw, as well as his apprentice Amanda, have died. After hearing of Detective Kerry's murder, two veteran FBI agents, Agent Strahm and Agent Perez, assist Detective Hoffman in sorting out the remains of Jigsaw's last game.","Suspense,Horror",Rated 4.6 out of 5 stars by 1298 Amazon customers.,"1,298",1,IMDb 5.9,1 h 35 min,2007,R,/gp/video/detail/B00440YKIU/ref=atv_dp_atf_prime_sd_mv_play_t1A3AAAAAA0wr0?autoplay=1&t=0,X-Ray,,
1792_Into_Thin_Air_Death_On_Everest.html,The real-life tragic story of a Mount Everest climbing expedition in which eight people lost their lives. Based on the #1 best-selling book Into Thin Air by John Krakauer.,"Drama,Adventure",Rated 3.6 out of 5 stars by 189 Amazon customers.,189,1,IMDb 5.7,1 h 30 min,1997,13+,/gp/video/detail/B09JFFNP29/ref=atv_dp_atf_prime_sd_mv_play_t1ADAAAAAA0wr0?autoplay=1&t=0,X-Ray,,
1813_Invitation_to_a_Gunfighter.html,In this post-Civil War drama Yul Brynner portrays a smooth gun-for-hire sent to kill an ex-Rebel soldier (George Segal) who is stirring up trouble in this intriguing offbeat western.,"Drama,Western",Rated 4.4 out of 5 stars by 139 Amazon customers.,139,1,IMDb 6.3,1 h 32 min,1964,13+,/gp/video/detail/B00RADJ63M/ref=atv_dp_atf_prime_sd_mv_play_t1A3AAAAAA0wr0?autoplay=1&t=0,X-Ray,,
1829_The_Woman_In_The_Window.html,"With his wife out of town, a professor (Edward G. Robinson) engages in an innocent flirtation with a chance acquaintance (Joan Bennett) and inadvertently commits a shocking crime...one district attorney Raymond Massey is determined to solve.","Drama,Suspense",Rated 4.7 out of 5 stars by 444 Amazon customers.,444,1,IMDb 7.6,1 h 39 min,1944,13+,/gp/video/detail/B08TDWGJ81/ref=atv_dp_atf_prime_sd_mv_play_t1BDAAAAAA0wr0?autoplay=1&t=0,X-Ray,,
1852_Cooley_High.html,"Set in 1964 Chicago, ""Cooley High"" is a slice-of-life tale of two high school students--best friends--coping with the challenges of everyday life and growing up in the shadows of the housing projects. Glynn Turman and Laurence-Hilton Jacobs star.","Comedy,Drama",Rated 4.8 out of 5 stars by 654 Amazon customers.,654,1,IMDb 7.1,1 h 47 min,1975,PG,/gp/video/detail/B0873WWGVQ/ref=atv_dp_atf_prime_sd_mv_play_t1BDAAAAAA0wr0?autoplay=1&t=0,X-Ray,,
1853_The_Pope_of_Greenwich_Village.html,"Daryl Hannah, Mickey Rourke and Eric Roberts star in this funny, high-voltage story of two small-time thieves after a big score in New York's Little Italy.","Comedy,Drama",Rated 4.4 out of 5 stars by 353 Amazon customers.,353,1,IMDb 6.6,2h,1984,R,/gp/video/detail/B00YTQMRZC/ref=atv_dp_atf_prime_sd_mv_play_t1ADAAAAAA0wr0?autoplay=1&t=0,X-Ray,,
1858_Nutcracker_The_Motion_Picture.html,"The colorful holiday classic is finally brought to the big screen, designed by famed children's story author and artist Maurice Sendak, and written for the first time to be as close as possible to the original story. A lavish, exciting and heart-warming celebration of dance, of music, and of life. Based upon the Pacific Northwest Ballet's original production.","Kids,Fantasy",Rated 4.6 out of 5 stars by 1141 Amazon customers.,"1,141",1,IMDb 6.9,1 h 25 min,1986,G,/gp/video/detail/B07JR1X222/ref=atv_dp_atf_prime_sd_mv_play_t1ADAAAAAA0wr0?autoplay=1&t=0,X-Ray,,
1859_It_Runs_in_the_Family_2003.html,"Alex Gromberg (Michael Douglas) is a man caught in the middle. Trying to avoid the mistakes his father made while coming to terms with the ones he's already passed on to his own sons, Alex is navigating the tricky roles of father, son, and husband.","Comedy,Drama",Rated 4.1 out of 5 stars by 153 Amazon customers.,153,1,IMDb 5.5,1 h 49 min,2003,PG-13,/gp/video/detail/B07P6S9MXF/ref=atv_dp_atf_prime_sd_mv_play_t1ADAAAAAA0wr0?autoplay=1&t=0,X-Ray,,
1860_Griffin__Phoenix.html,Griffin and Phoenix is a poignantly funny love story about two people who face a seemingly insurmountable obstacle that may stand between them and a last chance at love.,"Comedy,Drama",Rated 4.3 out of 5 stars by 322 Amazon customers.,322,1,IMDb 6.9,1 h 43 min,2006,PG-13,/gp/video/detail/B081D68GCG/ref=atv_dp_atf_prime_sd_mv_play_t1ADAAAAAA0wr0?autoplay=1&t=0,X-Ray,,
1862_Run_Silent_Run_Deep.html,"With sweat-dripping realism, this taut drama stars Clark Gable as a single-minded sub commander who must contend with a tough executive officer (Burt Lancaster) and attacks from enemy forces.",Action,Rated 4.8 out of 5 stars by 1411 Amazon customers.,"1,411",1,IMDb 7.3,1 h 33 min,1958,13+,/gp/video/detail/B081L4K2P4/ref=atv_dp_atf_prime_sd_mv_play_t1ADAAAAAA0wr0?autoplay=1&t=0,X-Ray,,
1863_The_Spikes_Gang.html,"Lee Marvin gives a spellbinding performance as a wounded outlaw who appears as a romantic figure to two impressionable youths (Ron Howard and Gary Grimes). Nursed back to health by the boys, the outlaw enlists them in his robberies...and then callously betrays them.","Drama,Western",Rated 4 out of 5 stars by 65 Amazon customers.,65,1,IMDb 6.3,1 h 36 min,1974,PG,/gp/video/detail/B08DS2M9CT/ref=atv_dp_atf_prime_sd_mv_play_t1BDAAAAAA0wr0?autoplay=1&t=0,X-Ray,,
1868_Harsh_Times.html,An unstable Gulf War veteran (Christian Bale) with a savior complex receives a shocking wake-up call upon returning stateside and accepting a position with the Department of Homeland Security.,"Suspense,Drama",Rated 4.1 out of 5 stars by 542 Amazon customers.,542,1,IMDb 6.8,1 h 56 min,2006,R,/gp/video/detail/B00IQ3XCBM/ref=atv_dp_atf_prime_sd_mv_play_t1ADAAAAAA0wr0?autoplay=1&t=0,X-Ray,,
1869_Alexander_the_Great.html,"Richard Burton, Frederic March and Claire Bloom star in this saga of the famous Greek who conquered the world before his death at the age of thirty-three.","Drama,Historical",Rated 4.3 out of 5 stars by 307 Amazon customers.,307,1,IMDb 5.8,2 h 15 min,1956,13+,/gp/video/detail/B07PW3YNWK/ref=atv_dp_atf_prime_sd_mv_play_t1BDAAAAAA0wr0?autoplay=1&t=0,X-Ray,,
1881_The_Virgin_Suicides.html,The Lisbons seem like an ordinary enough family until the family's sense of normalcy is shattered when their 13-year-old daughter Cecilia falls into a deep depression and attempts suicide.,"Drama,Romance",Rated 4.4 out of 5 stars by 1410 Amazon customers.,"1,410",1,IMDb 7.2,1 h 36 min,2000,R,/gp/video/detail/B0B6GHR53Z/ref=atv_dp_atf_prime_sd_mv_play_t1B3AAAAAA0wr0?autoplay=1&t=0,X-Ray,,UHD
1885_The_Fifth_Element.html,A New York City cabdriver tries to save 2259 Earth from impact with an onrushing anti-life force.,"Science Fiction,Fantasy",Rated 4.8 out of 5 stars by 29303 Amazon customers.,"29,303",1,IMDb 7.6,2 h 6 min,1997,PG-13,/gp/video/detail/B09KWNQ5WJ/ref=atv_dp_atf_prime_sd_mv_play_t1BDAAAAAA0wr0?autoplay=1&t=0,X-Ray,,
1886_A_Bridge_Too_Far.html,An account of a disastrous 1944 Allied military operation.,"Drama,Historical",Rated 3.9 out of 5 stars by 3 Amazon customers.,3,1,IMDb 7.4,2 h 56 min,1977,PG,/gp/video/detail/B0B8H13BK5/ref=atv_dp_atf_prime_sd_mv_play_t1ADAAAAAA0wr0?autoplay=1&t=0,X-Ray,,
1887_City_Slickers.html,HD. A trio of middle-aged men in search of their lost youth gets more than they bargained for during a two-week vacation on a cattle drive.,"Comedy,Drama",Rated 4.7 out of 5 stars by 3100 Amazon customers.,"3,100",1,IMDb 6.8,1 h 54 min,1991,PG-13,/gp/video/detail/B000GOV8GK/ref=atv_dp_atf_prime_sd_mv_play_t1ADAAAAAA0wr0?autoplay=1&t=0,X-Ray,,
1891_Eye_for_an_Eye.html,"A public relations executive joins a support group after her daughter is killed by a convicted rapist/murderer. When the man is released due to lack of evidence, she joins a vigilante organization intending to kill the man.","Suspense,Drama",Rated 4.7 out of 5 stars by 1936 Amazon customers.,"1,936",1,IMDb 6.2,1 h 41 min,1996,18+,/gp/video/detail/B019DYBEZS/ref=atv_dp_atf_prime_sd_mv_play_t1BDAAAAAA0wr0?autoplay=1&t=0,X-Ray,,
1892_State_Of_Grace.html,"In this neo-noir crime film, an undercover cop (Sean Penn) comes back to his old neighborhood in New York City's Hell's Kitchen to bring down the Irish Mafia, which is now led by two of his childhood friends (Gary Oldman and Ed Harris).","Suspense,Drama",Rated 4.4 out of 5 stars by 464 Amazon customers.,464,1,IMDb 7.2,2 h 14 min,1990,R,/gp/video/detail/B0B8TJ847X/ref=atv_dp_atf_prime_sd_mv_play_t1ADAAAAAA0wr0?autoplay=1&t=0,X-Ray,,
1893_Kal_Ho_Naa_Ho.html,"Naina Kapur is a beautiful introvert and often keeps to herself. Her life soon changes, when she befriends her neighbour, Aman Mathur, who is jaunty and bubbly. Naina falls in love with Aman and decides to confess her love to him. She is heart-broken, when she finds out that Aman is married. But the truth unravels, and Aman has lied about being married. His lie hides a dark secret.","Comedy,Drama",Rated 4.7 out of 5 stars by 250 Amazon customers.,250,1,,3 h 7 min,2003,13+,/gp/video/detail/B095J546VT/ref=atv_dp_atf_prime_sd_mv_play_t1ADAAAAAA0wr0?autoplay=1&t=0,X-Ray,,
1896_The_Rift.html,"The experimental submarine Siren 1, designed by Wick Hayes, is missing. Complicated by the addition of Wick's estranged wife Nina to the rescue team, the tension mounts as the Siren 2 dives deeper than any sub to find out what.","Science Fiction,Horror",Rated 3.7 out of 5 stars by 238 Amazon customers.,238,1,IMDb 4.7,1 h 23 min,1990,13+,/gp/video/detail/B01A4Q3U4W/ref=atv_dp_atf_prime_sd_mv_play_t1BDAAAAAA0wr0?autoplay=1&t=0,X-Ray,,
1898_Jennifer_8.html,"On the trail of a serial killer who targets blind young women, detective John Berlin has no clues, no suspects, and no alibi.","Suspense,Drama",Rated 4.4 out of 5 stars by 407 Amazon customers.,407,1,IMDb 6.3,2 h 5 min,1992,R,/gp/video/detail/B00950YDDQ/ref=atv_dp_atf_prime_sd_mv_play_t1BDAAAAAA0wr0?autoplay=1&t=0,X-Ray,,
1900_Hollywood_Shuffle.html,"In the style of Kentucky Fried Movie, writer-director Robert Townsend lampoons Hollywood's perception of blacks--and racial stereotypes in general.",Comedy,Rated 4.7 out of 5 stars by 456 Amazon customers.,456,1,IMDb 6.9,1 h 21 min,1987,R,/gp/video/detail/B07JW8NC1X/ref=atv_dp_atf_prime_sd_mv_play_t1ADAAAAAA0wr0?autoplay=1&t=0,X-Ray,,
1902_Horsemen_2009.html,A recently widowed detective still grieving over his wife's death discovers a shocking connection between himself and the suspects in a serial killing spree linked to the Four Horsemen of the Apocalypse.,"Suspense,Horror",Rated 4.1 out of 5 stars by 675 Amazon customers.,675,1,IMDb 5.5,1 h 30 min,2009,R,/gp/video/detail/B07WW8R2MW/ref=atv_dp_atf_prime_sd_mv_play_t1ADAAAAAA0wr0?autoplay=1&t=0,X-Ray,,
1903_Audrey_Rose.html,Suppose a stranger told you that your daughter was actually his daughter in another life. Suppose it was really true! Anthony Hopkins stars with Marsha Mason and John Beck in this hair-raising occult thriller that will make your blood run cold!,"Suspense,Horror",Rated 4.4 out of 5 stars by 541 Amazon customers.,541,1,IMDb 5.8,1 h 53 min,1977,PG,/gp/video/detail/B08L6T69WQ/ref=atv_dp_atf_prime_sd_mv_play_t1ADAAAAAA0wr0?autoplay=1&t=0,X-Ray,,
1905_The_People_That_Time_Forgot.html,"A small party set out to find a marooned World War I Naval hero lost on a tropical island north of the ice barrier in the arctic. They encounter prehistoric monsters, spouting volcanoes and menacing cavemen. Based on a novel by Edgar Rice Burroughs.","Adventure,Fantasy",Rated 4.2 out of 5 stars by 367 Amazon customers.,367,1,IMDb 5.4,1 h 30 min,1977,PG,/gp/video/detail/B086RBP8P8/ref=atv_dp_atf_prime_sd_mv_play_t1ADAAAAAA0wr0?autoplay=1&t=0,X-Ray,,
1906_Night_Train.html,"While on a night train, three strangers discover a corpse and a box of diamonds. At first, the three scheme to ditch the body and split the fortune - until their greed and paranoia pits them against each other.","Horror,Suspense",Rated 4 out of 5 stars by 124 Amazon customers.,124,1,IMDb 5.7,1 h 30 min,2009,16+,/gp/video/detail/B09YCRDT1B/ref=atv_dp_atf_prime_sd_mv_play_t1ADAAAAAA0wr0?autoplay=1&t=0,X-Ray,,
1907_Passchendaele.html,"The lives of a troubled veteran, his nurse girlfriend and a naive boy intersect first in Alberta and then in Belgium during the bloody World War I battle of Passchendaele.","Historical,Romance",Rated 4 out of 5 stars by 26 Amazon customers.,26,1,IMDb 6.4,1 h 54 min,2008,R,/gp/video/detail/B09Q35XKBJ/ref=atv_dp_atf_prime_sd_mv_play_t1ADAAAAAA0wr0?autoplay=1&t=0,X-Ray,,
1912_Dostana.html,"It's all happening in the Beach Party Capitol of the world, Miami. But when Sameer (Abhishek Bachchan) and Kunal (John Abraham) are turned down for an apartment because the land lady doesn't want two strapping young men to corrupt her young sexy niece Neha (Priyanka Chopra), they pretend to be ""Gay"" to secure the apartment, and then they meet the niece, Neha, and the fun really starts!","Comedy,Drama",Rated 4 out of 5 stars by 51 Amazon customers.,51,1,IMDb 6.4,2 h 21 min,2008,13+,/gp/video/detail/B09C1XS6XF/ref=atv_dp_atf_prime_sd_mv_play_t1ADAAAAAA0wr0?autoplay=1&t=0,X-Ray,,UHD
1939_Endless_Love.html,"17-year-old David and 15-year old Jade (Brooke Shields) find themselves in a passionate love affair. But as their relationship becomes more intense, it begins to take its toll-- and when David is barred from seeing Jade, a chain of tragic events unfold.","Drama,Romance",Rated 4.5 out of 5 stars by 1424 Amazon customers.,"1,424",1,IMDb 4.9,1 h 55 min,1981,R,/gp/video/detail/B0C8XF9Z9Y/ref=atv_dp_atf_prime_sd_mv_play_t1ADAAAAAA0wr0?autoplay=1&t=0,X-Ray,,
1940_The_Return_of_the_Living_Dead.html,Ghouls with a craving for human brains go on a rampage.,"Science Fiction,Comedy",Rated 4.8 out of 5 stars by 4583 Amazon customers.,"4,583",1,IMDb 7.3,1 h 31 min,1985,R,/gp/video/detail/B0B8PWC29Q/ref=atv_dp_atf_prime_sd_mv_play_t1ADAAAAAA0wr0?autoplay=1&t=0,X-Ray,,
1943_Ghost_Town.html,A dentist dies briefly during routine dental surgery and gains the ability to see dead people who ask him for help in contacting the living.,"Science Fiction,Comedy",Rated 4.6 out of 5 stars by 2410 Amazon customers.,"2,410",1,IMDb 6.7,1 h 42 min,2008,PG-13,/gp/video/detail/B0B6HK7CZL/ref=atv_dp_atf_prime_sd_mv_play_t1BDAAAAAA0wr0?autoplay=1&t=0,X-Ray,,
1946_The_Black_Stallion.html,Teri Garr and Mickey Rooney star in this heartwarming adventure about a boy who forges a special friendship with a wild stallion after both are shipwrecked on a deserted island.,"Sports,Adventure",Rated 4.7 out of 5 stars by 2500 Amazon customers.,"2,500",1,IMDb 7.4,1 h 57 min,1979,G,/gp/video/detail/B0C9XNQDZR/ref=atv_dp_atf_prime_sd_mv_play_t1ADAAAAAA0wr0?autoplay=1&t=0,X-Ray,,
1947_Biker_Boyz.html,"In the world of underground motorcycle clubs, the undefeated racer's dominance of the set is about to be threatened by a young motorcycle racing prodigy, who is determined to win the coveted title.","Drama,Action",Rated 4.7 out of 5 stars by 2362 Amazon customers.,"2,362",1,IMDb 4.6,1 h 51 min,2003,PG-13,/gp/video/detail/B0BXDKKGM4/ref=atv_dp_atf_prime_sd_mv_play_t1BDAAAAAA0wr0?autoplay=1&t=0,X-Ray,,
1953_Sayonara.html,"This picture tells the story of an American Air Force flier who was an ace fighter pilot during the Korean War who falls in love with a famous Japanese dancer. Sayonara won four Academy Awards, including acting honors for co-stars Red Buttons and Miyoshi Umeki.","Drama,Romance",Rated 4.6 out of 5 stars by 738 Amazon customers.,738,1,IMDb 7.0,2 h 27 min,1957,7+,/gp/video/detail/B0817R6NSV/ref=atv_dp_atf_prime_sd_mv_play_t1ADAAAAAA0wr0?autoplay=1&t=0,X-Ray,,
1956_The_Raven_1963.html,"A magician who has been turned into a raven turns to a former sorcerer for help in this film loosely based on the Edgar Allen Poe poem. Featuring Vincent Price, Peter Lorre, Boris Karloff, and Jack Nicholson. A classic from Roger Corman.","Comedy,Horror",Rated 4.6 out of 5 stars by 681 Amazon customers.,681,1,IMDb 6.5,1 h 25 min,1963,G,/gp/video/detail/B07HQY7V35/ref=atv_dp_atf_prime_sd_mv_play_t1ADAAAAAA0wr0?autoplay=1&t=0,X-Ray,,
1959_Devil_in_the_Flesh.html,"She's young, sexy and dangerous. Debbie is the new girl in class with a skill for turning heads. From the moment she arrives in town following her parents' untimely death, Debbie sets her sights on her teacher, the high school heartthrob.",Suspense,Rated 3.9 out of 5 stars by 148 Amazon customers.,148,1,IMDb 5.1,1 h 29 min,2000,R,/gp/video/detail/B0B8SHDRKN/ref=atv_dp_atf_prime_sd_mv_play_t1ADAAAAAA0wr0?autoplay=1&t=0,X-Ray,,
1974_When_Harry_Met_Sally.html,Two people meet and go their separate ways twice before they finally strike a friendship. When they are tempted to explore their relationship further...,"Comedy,Drama",Rated 4.8 out of 5 stars by 12834 Amazon customers.,"12,834",1,IMDb 7.7,1 h 35 min,1989,R,/gp/video/detail/B00ARCOIZE/ref=atv_dp_atf_prime_sd_mv_play_t1A3AAAAAA0wr0?autoplay=1&t=0,X-Ray,,
1977_Greenfingers.html,"Inmate Colin Briggs (Clive Owen) is introduced to gardening and when the thriving prison garden attracts the attention of flamboyant gardening expert, Georgina Woodhouse (Helen Mirren), she offers to sponsor the inmates in an upcoming flower show. At the Hampton Court Flower Show, Colin meets Georgina's daughter and a romance blooms.","Drama,International",Rated 4.5 out of 5 stars by 1069 Amazon customers.,"1,069",1,IMDb 6.8,1 h 25 min,2001,R,/gp/video/detail/B01LXGGR1E/ref=atv_dp_atf_prime_sd_mv_play_t1A3AAAAAA0wr0?autoplay=1&t=0,X-Ray,,
1981_The_Ultimate_Performer.html,"Inmate Colin Briggs (Clive Owen) is introduced to gardening and when the thriving prison garden attracts the attention of flamboyant gardening expert, Georgina Woodhouse (Helen Mirren), she offers to sponsor the inmates in an upcoming flower show. At the Hampton Court Flower Show, Colin meets Georgina's daughter and a romance blooms.","Drama,International",Rated 4.5 out of 5 stars by 1069 Amazon customers.,"1,069",1,IMDb 6.8,1 h 25 min,2001,R,/gp/video/detail/B01LXGGR1E/ref=atv_dp_atf_prime_sd_mv_play_t1A3AAAAAA0wr0?autoplay=1&t=0,X-Ray,,
1985_The_Kentuckian.html,"Eli Wakefield (Burt Lancaster) and his son are Kentucky adventurers longing for life on the Texas frontier. They learn, however, that their greatest challenge lies not in the uncharted wilderness, but in the people they meet along the way.","Drama,Western",Rated 4.4 out of 5 stars by 245 Amazon customers.,245,1,IMDb 6.2,1 h 43 min,1955,7+,/gp/video/detail/B07V5NLT9J/ref=atv_dp_atf_prime_sd_mv_play_t1ADAAAAAA0wr0?autoplay=1&t=0,X-Ray,,
1986_The_Indian_Fighter.html,"Kirk Douglas is a frontier scout who falls for a beautiful Sioux girl, then gets caught between the warring factions of her tribe and the local army fort in this grand, outdoor adventure.","Western,Drama",Rated 4.5 out of 5 stars by 181 Amazon customers.,181,1,IMDb 6.3,1 h 28 min,1955,7+,/gp/video/detail/B081DFD12J/ref=atv_dp_atf_prime_sd_mv_play_t1ADAAAAAA0wr0?autoplay=1&t=0,X-Ray,,
1_Gladiator.html,"A once great Roman commander is captured by the malevolent heir to the Emperor's throne. Forced into exile, he trains as a gladiator in the hopes to one day enact his revenge.",Drama,Rated 4.8 out of 5 stars by 25451 Amazon customers.,"25,451",1,IMDb 8.5,2 h 34 min,2000,R,/gp/video/detail/B07RH7M74B/ref=atv_dp_atf_prime_sd_mv_resume_t1A3AAAAAA0wr0?autoplay=1&t=0,X-Ray,HDR,UHD
2023_Last_Tango_In_Paris.html,"Marlon Brando delivers a fascinating performance as a man torn apart by his wife's suicide who attempts to bury his grief in a sudden, purely carnal relationship with an alluring stranger (Maria Schneider).","Drama,Romance",Rated 3.8 out of 5 stars by 1655 Amazon customers.,"1,655",1,IMDb 6.9,2 h 4 min,1973,NC-17,/gp/video/detail/B09QG4FPG6/ref=atv_dp_atf_prime_sd_mv_play_t1ADAAAAAA0wr0?autoplay=1&t=0,X-Ray,,
2026_War_of_the_Worlds_The_1953.html,H.G. Wells' chilling story of the invasion of the Earth by Martians and the resulting panic and destruction.,"Science Fiction,Suspense,Fantasy",Rated 4.6 out of 5 stars by 10 Amazon customers.,10,1,IMDb 7.0,1 h 25 min,1953,G,/gp/video/detail/B0B8SX4LSX/ref=atv_dp_atf_prime_sd_mv_play_t1BDAAAAAA0wr0?autoplay=1&t=0,X-Ray,,
2028_A_Shot_in_the_Dark.html,"Peter Sellers and Elke Sommer star in this successful sequel to ""The Pink Panther"" in which Inspector Clouseau tries to prove a beautiful parlor maid is innocent of killing her chauffer lover.","Suspense,Comedy",Rated 4.5 out of 5 stars by 1103 Amazon customers.,"1,103",1,IMDb 7.4,1 h 42 min,1965,PG,/gp/video/detail/B0C9XMTBZQ/ref=atv_dp_atf_prime_sd_mv_play_t1ADAAAAAA0wr0?autoplay=1&t=0,X-Ray,,
2029_Support_Your_Local_Sheriff.html,James Garner stars in this rollicking western spoof that has him taking on the job of a frontier town sheriff who must fend off villains (led by Walter Brennen) from every direction...all without breaking a sweat or dirtying his shiny black boots!,"Comedy,Western",Rated 4.8 out of 5 stars by 3116 Amazon customers.,"3,116",1,IMDb 7.5,1 h 32 min,1969,G,/gp/video/detail/B0C9XNJXYV/ref=atv_dp_atf_prime_sd_mv_play_t1ADAAAAAA0wr0?autoplay=1&t=0,X-Ray,,
2059_Bitten.html,A young paramedic falls in love with a beautiful vampire who's looking for the perfect lover-one who can provide three decent feedings a day.,"Comedy,Horror",Rated 3.3 out of 5 stars by 161 Amazon customers.,161,1,IMDb 5.1,1 h 28 min,2009,R,/gp/video/detail/B07C183JVV/ref=atv_dp_atf_prime_sd_mv_play_t1BDAAAAAA0wr0?autoplay=1&t=0,X-Ray,,
214_Saw_5_Unrated.html,"In the fifth installment of the SAW franchise, Detective Hoffman is seemingly the last person alive to carry on the Jigsaw legacy.  But when his secret is threatened, Hoffman must go on the hunt to eliminate all loose ends.","Suspense,Horror",Rated 4.6 out of 5 stars by 1402 Amazon customers.,"1,402",1,IMDb 5.8,1 h 32 min,2008,18+,/gp/video/detail/B004OTQRAA/ref=atv_dp_atf_prime_sd_mv_play_t1A3AAAAAA0wr0?autoplay=1&t=0,X-Ray,,
2150_Saw_IV.html,"Following the events of Saw III, Jeff continues to be puzzled. Locked in a building, he must find his daughter and escape before they both die. In his search, he comes across a new game set by Jigsaw.","Suspense,Horror",Rated 4.6 out of 5 stars by 1488 Amazon customers.,"1,488",1,IMDb 5.9,1 h 32 min,2007,R,/gp/video/detail/B00O302L6Y/ref=atv_dp_atf_prime_sd_mv_play_t1B3AAAAAA0wr0?autoplay=1&t=0,X-Ray,,
2232_Haunted_Palace.html,"When a man arrives in the New England village of Arkham to claim the palatial mansion that was once the domain of his great-great grandfather (a black magician who was burned alive 110 years before), he discovers an evil curse.",Horror,Rated 4.3 out of 5 stars by 152 Amazon customers.,152,1,IMDb 6.7,1 h 27 min,1963,13+,/gp/video/detail/B0BX295PMG/ref=atv_dp_atf_prime_sd_mv_play_t1BDAAAAAA0wr0?autoplay=1&t=0,X-Ray,,
2234_Sioux_City.html,"Focuses on Jesse Rainfeather Goldman, a young doctor of Native American ancestry raised by an affluent Beverly Hills family.","Suspense,Drama",Rated 4.4 out of 5 stars by 87 Amazon customers.,87,1,IMDb 5.8,1 h 42 min,1994,PG-13,/gp/video/detail/B0B8TX3HYM/ref=atv_dp_atf_prime_sd_mv_play_t1BDAAAAAA0wr0?autoplay=1&t=0,X-Ray,,
2236_Shooter_The.html,"When Michael Atherton stands up to the unfriendly, controlling family that runs his small western town, he ends up beaten and left for dead... until a prostitute who'd been attacked by the same group of desperados finds and saves him.","Drama,Western",Rated 1 out of 5 stars by 1 Amazon customers.,1,1,IMDb 5.0,1 h 32 min,1997,R,/gp/video/detail/B0BX3Z1H4G/ref=atv_dp_atf_prime_sd_mv_play_t1BDAAAAAA0wr0?autoplay=1&t=0,X-Ray,,
2245_The_Messenger_The_Story_of_Joan_of_Arc.html,A French peasant girl obeys the voice of God by leading the French armies against their English oppressors.,"Action,Historical",Rated 4.4 out of 5 stars by 1888 Amazon customers.,"1,888",1,IMDb 6.4,2 h 38 min,1999,R,/gp/video/detail/B0B8TY18PP/ref=atv_dp_atf_prime_sd_mv_play_t1ADAAAAAA0wr0?autoplay=1&t=0,X-Ray,,
2247_Screamers.html,"A blade-wielding killing device evolves on its own to become a threat to anyone, including its creators.","Suspense,Horror",Rated 4.5 out of 5 stars by 1137 Amazon customers.,"1,137",1,IMDb 6.3,1 h 48 min,1996,R,/gp/video/detail/B0B8V489D2/ref=atv_dp_atf_prime_sd_mv_play_t1ADAAAAAA0wr0?autoplay=1&t=0,X-Ray,,
2248_Shes_Out_of_Control.html,Doug loves his daughter very much. But there's one thing about her he can't handle. She's growing up.,Comedy,Rated 4.7 out of 5 stars by 1593 Amazon customers.,"1,593",1,IMDb 5.4,1 h 34 min,1989,PG,/gp/video/detail/B0B6SS5DZX/ref=atv_dp_atf_prime_sd_mv_play_t1ADAAAAAA0wr0?autoplay=1&t=0,X-Ray,,
2256_Adam_Had_Four_Sons.html,A devoted governess risks everything by exposing a scheming gold-digger and revealing her own affection for her longtime employer.,"Suspense,Drama",Rated 4.4 out of 5 stars by 99 Amazon customers.,99,1,IMDb 6.6,1 h 20 min,1941,13+,/gp/video/detail/B0B8QHY56Q/ref=atv_dp_atf_prime_sd_mv_play_t1ADAAAAAA0wr0?autoplay=1&t=0,X-Ray,,
2261_The_Thousand_Plane_Raid.html,A U.S. Air Force colonel convinces the Allies during World War II that a daylight bombing raid of Germany will bring a quick end to the war.,Action,Rated 4.1 out of 5 stars by 73 Amazon customers.,73,1,IMDb 5.6,1 h 33 min,1969,G,/gp/video/detail/B0B645ZD8X/ref=atv_dp_atf_prime_sd_mv_play_t1BDAAAAAA0wr0?autoplay=1&t=0,X-Ray,,
2316_Spark_of_Insanity.html,"Jeff Dunham and his socially reckless ""suitcase posse"" are back in this highly anticipated follow-up to Jeff Dunham: Arguing with Myself.",Comedy,Rated 4.7 out of 5 stars by 3003 Amazon customers.,"3,003",1,IMDb 7.9,1 h 19 min,2007,16+,/gp/video/detail/B0C9H2HPFJ/ref=atv_dp_atf_prime_sd_mv_play_t1ADAAAAAA0wr0?autoplay=1&t=0,X-Ray,,
2317_Black_Dawn.html,"Trying to determine who seeks to sell a nuclear bomb to Eastern European terrorists, CIA Agent Jonathan Cold's cover gets blown when the weapons dealers catch his former student, beautiful Amanda Hayes. Cold fights to get her out, they go after the bomb, and discover Hayes' boss is involved in the bombing. After vanquishing their enemies, they have to drop off the activated bomb over the ocean.",Action,Rated 4.2 out of 5 stars by 210 Amazon customers.,210,1,IMDb 3.8,1 h 35 min,2005,R,/gp/video/detail/B00G4KK4OC/ref=atv_dp_atf_prime_sd_mv_play_t1A3AAAAAA0wr0?autoplay=1&t=0,X-Ray,,
2332_Saw_V.html,"Following Jigsaw's demise, Mark Hoffman is commended as a hero, but a suspicious detective delves into Hoffman's past. Meanwhile, another group is put through a series of gruesome tests.","Suspense,Horror",Rated 4.5 out of 5 stars by 1993 Amazon customers.,"1,993",1,IMDb 5.8,1 h 32 min,2008,16+,/gp/video/detail/B00OSQ5REG/ref=atv_dp_atf_prime_sd_mv_play_t1B3AAAAAA0wr0?autoplay=1&t=0,X-Ray,,
2335_Witless_Protection.html,"When a small-town sheriff witnesses what he believes to be an attempted kidnapping, his effort to save the beautiful damsel in distress sets him down a wild path of comic mishap.",Comedy,Rated 4.5 out of 5 stars by 759 Amazon customers.,759,1,IMDb 3.4,1 h 36 min,2008,PG-13,/gp/video/detail/B009W8PGUU/ref=atv_dp_atf_prime_sd_mv_play_t1ADAAAAAA0wr0?autoplay=1&t=0,X-Ray,,
2345_The_Making_Of_The_Dark_Side_Of_The_Moon_Classic_Album.html,A detailed look at the production of the biggest album in the history of progressive rock and one of the best-selling albums of all time.,"Documentary,Music Videos and Concerts",Rated 4.8 out of 5 stars by 197 Amazon customers.,197,1,IMDb 8.1,49min,2003,13+,/gp/video/detail/B09KB6B6C1/ref=atv_dp_atf_prime_sd_mv_resume_t1A3AAAAAA0wr0?autoplay=1&t=0,X-Ray,,
2384_in_The_Pajama_Game__A_Musical_Comedy_Classic.html,"Employees of the Sleeptite Pajama Factory are looking for a whopping seven-and-a-half cent an hour pay raise and they won't take no for an answer. Babe Williams (Doris Day) is their feisty employee representative, but she may have found her match in shop superintendent Sid Sorokin (John Raitt). When the two get together they wind up discussing a whole lot more than job actions!","Drama,Arts, Entertainment, and Culture",Rated 3.5 out of 5 stars by 29 Amazon customers.,29,1,IMDb 6.6,1 h 40 min,1957,13+,/gp/video/detail/B09JX29SDT/ref=atv_dp_atf_prime_sd_mv_resume_t1A3AAAAAA0wr0?autoplay=1&t=0,X-Ray,,
2389_Saw_VI.html,"Agent Strahm is dead, and FBI agent Erickson draws nearer to Hoffman. Meanwhile, a group of insurance executives find themselves in another gruesome game set by Jigsaw.","Suspense,Horror",Rated 4.6 out of 5 stars by 2603 Amazon customers.,"2,603",1,IMDb 6.0,1 h 30 min,2009,R,/gp/video/detail/B00327Q700/ref=atv_dp_atf_prime_sd_mv_play_t1B3AAAAAA0wr0?autoplay=1&t=0,X-Ray,,
2390_Moulin_Rouge.html,"A young wannabe Bohemian poet living in 1899 Paris joins the legendary night club Moulin Rouge and falls for a beautiful courtesan. Directed by Baz Luhrmann ('Elvis,' 'The Great Gatsby'). Winner of two Oscars.","Drama,Romance",Rated 4.7 out of 5 stars by 12958 Amazon customers.,"12,958",1,IMDb 7.6,2 h 7 min,2001,PG-13,/gp/video/detail/B000SVZIDA/ref=atv_dp_atf_prime_sd_mv_play_t1B3AAAAAA0wr0?autoplay=1&t=0,X-Ray,,
2391_Amadeus_Directors_Cut.html,"Based on a Viennese urban legend and hit Broadway play, recounts the downfall of 18th-century musical genius Wolfgang Amadeus Mozart.","Historical,Drama",Rated 4.7 out of 5 stars by 13590 Amazon customers.,"13,590",1,IMDb 8.4,3h,1984,R,/gp/video/detail/B0042VVLJM/ref=atv_dp_atf_prime_sd_mv_play_t1A3AAAAAA0wr0?autoplay=1&t=0,X-Ray,,
2424_Casino_Royale.html,"From the jungles of Madagascar to the beaches of the Bahamas, James Bond's pursuit of terrorist financier Le Chiffre leads to a showdown in a high-stakes poker game at the luxurious Casino Royale in Montenego, and to a jaw-dropping finale in Venice.","Suspense,Adventure",Rated 4.7 out of 5 stars by 11496 Amazon customers.,"11,496",1,IMDb 8.0,2 h 24 min,2006,PG-13,/gp/video/detail/B0042C1BP0/ref=atv_dp_atf_prime_sd_mv_play_t1A3AAAAAA0wr0?autoplay=1&t=0,X-Ray,,UHD
2427_Wicker_Park.html,A psychological thriller that concerns a man's obsessive search for a lost love that ends up uncovering the twisted machinations of an eccentric secret admirer.,"Suspense,Drama,Romance",,,1,IMDb 6.9,1 h 54 min,2004,PG-13,/gp/video/detail/B0C6WNRF1D/ref=atv_dp_atf_prime_sd_mv_play_t1ADAAAAAA0wr0?autoplay=1&t=0,X-Ray,,
2430_Patriot_Games.html,Jack Ryan is caught in the middle of a terrorist attack. Ryan helps to thwart Holmes' assailants and becomes a local hero. But Ryan's act marks him as a target. Now he must return to action to save his family.,"Suspense,Action",Rated 4.7 out of 5 stars by 3446 Amazon customers.,"3,446",1,IMDb 6.8,1 h 56 min,1992,16+,/gp/video/detail/B000JPLCYO/ref=atv_dp_atf_prime_sd_mv_play_t1B3AAAAAA0wr0?autoplay=1&t=0,X-Ray,HDR,UHD
2441_Kill_Bill_Volume_1.html,Uma Thurman is a samurai-swinging ex-assassin on a mission of revenge against her ex-boss and lover in this Quentin Tarantino film.,"Drama,Action",Rated 4.8 out of 5 stars by 10090 Amazon customers.,"10,090",1,IMDb 8.2,1 h 50 min,2003,R,/gp/video/detail/B006RXQDH8/ref=atv_dp_atf_prime_sd_mv_play_t1A3AAAAAA0wr0?autoplay=1&t=0,X-Ray,,
2474_Lord_of_War.html,"Oscar winner Nicolas Cage stars in this taut, action-packed tale of a notorious arms dealer who sold weapons to dictators and successfully outran the law for nearly twenty years.","Drama,Action",Rated 4.6 out of 5 stars by 5139 Amazon customers.,"5,139",1,IMDb 7.6,2 h 1 min,2005,R,/gp/video/detail/B07ZSXH9QX/ref=atv_dp_atf_prime_sd_mv_play_t1ADAAAAAA0wr0?autoplay=1&t=0,X-Ray,,
2475_Death_Wish_1974.html,"A responsible, law-abiding architect seeks vengeance and becomes a one-man judge, jury, and executioner of New York City's criminal element when his wife is murdered and his daughter is attacked.","Suspense,Drama",Rated 4.6 out of 5 stars by 2734 Amazon customers.,"2,734",1,IMDb 6.9,1 h 33 min,1974,R,/gp/video/detail/B07NHY9YMM/ref=atv_dp_atf_prime_sd_mv_play_t1BDAAAAAA0wr0?autoplay=1&t=0,X-Ray,,
2484_Road_to_El_Dorado.html,"DreamWorks Animation presents this comedic tale of friendship and adventure. Tulio and Miguel, a pair of two-bit con men, believe they have found their path to fortune and glory when they win a map to El Dorado, the legendary City of Gold.  But they find their troubles are just beginning - as they fulfill their dreams of gold, their friendship and the very fate of El Dorado hang in the balance.","Animation,Adventure",Rated 4.8 out of 5 stars by 6973 Amazon customers.,"6,973",1,IMDb 6.9,1 h 29 min,2000,PG,/gp/video/detail/B079HX8M1B/ref=atv_dp_atf_prime_sd_mv_play_t1A3AAAAAA0wr0?autoplay=1&t=0,X-Ray,,
2504_Me_Myself_And_Irene.html,"Mild-mannered Charlie, a cop with multiple personality disorder, escorts Irene back to her hometown - and loses his medication on the trip. Soon, Charlie and his aggressive alter ego Hank both fall in love with the confused Irene.",Comedy,Rated 4.6 out of 5 stars by 6523 Amazon customers.,"6,523",1,IMDb 6.6,1 h 56 min,2000,R,/gp/video/detail/B000SW16FI/ref=atv_dp_atf_prime_sd_mv_play_t1A3AAAAAA0wr0?autoplay=1&t=0,X-Ray,,
2515_What_a_Girl_Wants.html,"Daphne (Amanda Bynes), a spirited young American girl, travels to London in search of her long-lost father (Colin Firth), an influential aristoc ratic politician.","Comedy,Drama",Rated 4.7 out of 5 stars by 2707 Amazon customers.,"2,707",1,IMDb 5.8,1 h 44 min,2003,PG,/gp/video/detail/B008PZZ6LU/ref=atv_dp_atf_prime_sd_mv_play_t1A3AAAAAA0wr0?autoplay=1&t=0,X-Ray,,
252_At_Close_Range.html,Sean Penn and Christopher Walken are electrifying in this powerful true story of a young man who is corrupted by his criminal father.,Drama,Rated 4.5 out of 5 stars by 1527 Amazon customers.,"1,527",1,IMDb 6.9,1 h 55 min,1986,R,/gp/video/detail/B00NQGO7V8/ref=atv_dp_atf_prime_sd_mv_play_t1A3AAAAAA0wr0?autoplay=1&t=0,X-Ray,,
2540_Dirty_Harry.html,A police detective defies his superiors and gambles with innocent lives to capture a sniper terrorizing San Francisco.,"Suspense,Drama",Rated 4.8 out of 5 stars by 4880 Amazon customers.,"4,880",1,IMDb 7.7,1 h 42 min,1971,R,/gp/video/detail/B002VT8RDK/ref=atv_dp_atf_prime_sd_mv_play_t1A3AAAAAA0wr0?autoplay=1&t=0,X-Ray,,
2544_The_Pilots_Wife.html,"Kathryn, a recently widowed woman, struggles to learn if her husband intentionally crashed the plane he was piloting. The black box recovered from the wreckage suggests he was a terrorist, but she suspects something worse is happening.","Suspense,Drama",Rated 4 out of 5 stars by 118 Amazon customers.,118,1,IMDb 5.6,1 h 29 min,2002,PG-13,/gp/video/detail/B07WNXLPW2/ref=atv_dp_atf_prime_sd_mv_play_t1ADAAAAAA0wr0?autoplay=1&t=0,X-Ray,,
2553_Audrey_Hepburn_The_Unforgiven__In_Technicolor__Uncut.html,"This classic film from one of the greatest directors of the 20th century (John Huston), boasts an incredible cast. Well-shot and well-acted, with a solid story to boot,...The neighbors of a frontier family turn on them when it is suspected that their adopted daughter was stolen from the local Kiowa tribe. There is plenty of action and suspense with Indian fights, dramatic events, & more.","Drama,Western,Romance",Rated 3.6 out of 5 stars by 85 Amazon customers.,85,1,IMDb 6.6,2 h 1 min,1960,16+,/gp/video/detail/B09JX41RR6/ref=atv_dp_atf_prime_sd_mv_resume_t1A3AAAAAA0wr0?autoplay=1&t=0,X-Ray,,
2555_Dances_with_Wolves.html,Dances With Wolves chronicles the exploits of Lieutenant John Dunbar (Kevin Costner) during the Civil War after encountering and eventually being accepted by a Native American tribe.,"Drama,Western",Rated 4.8 out of 5 stars by 11207 Amazon customers.,"11,207",1,IMDb 8.0,3 h 1 min,1990,PG-13,/gp/video/detail/B00BHI5H4S/ref=atv_dp_atf_prime_sd_mv_play_t1A3AAAAAA0wr0?autoplay=1&t=0,X-Ray,,
255_Punisher_War_Zone.html,"Continuing his crusade to punish violent criminals in America, former FBI agent Frank Castle arrives in New York to take on a scarred villain who plots to take control of the underworld.","Suspense,Drama",Rated 4.4 out of 5 stars by 1347 Amazon customers.,"1,347",1,IMDb 5.9,1 h 36 min,2008,R,/gp/video/detail/B008Y717U8/ref=atv_dp_atf_prime_sd_mv_play_t1B3AAAAAA0wr0?autoplay=1&t=0,X-Ray,HDR,UHD
2564_Tucker_the_Man_and_His_Dream_International.html,A car designer goes up against the whole auto industry with his revolutionary car designs.,"Comedy,Drama",Rated 4.5 out of 5 stars by 50 Amazon customers.,50,1,IMDb 6.9,1 h 50 min,1988,PG,/gp/video/detail/B07W4VZY6S/ref=atv_dp_atf_prime_sd_mv_play_t1ADAAAAAA0wr0?autoplay=1&t=0,X-Ray,,
2595_The_Day_the_Earth_Stood_Still_1951.html,An alien being and his guardian robot travel to Earth on a peace mission to warn the world's leaders about nuclear war but will fear and panic stop him before he can get his message across.,"Science Fiction,Drama",Rated 4.8 out of 5 stars by 6415 Amazon customers.,"6,415",1,IMDb 7.8,1 h 32 min,1951,G,/gp/video/detail/B0BZWC4LNH/ref=atv_dp_atf_prime_sd_mv_play_t1BDAAAAAA0wr0?autoplay=1&t=0,X-Ray,,
2636_Resident_Evil.html,"A deadly viral outbreak occurs in the Hive, a vast underground research facility, killing numerous employees. When a commando team tries isolate the virus, they soon discover that the workers are not really dead; they are now the ravenous Undead.","Science Fiction,Horror",Rated 4.6 out of 5 stars by 7072 Amazon customers.,"7,072",1,IMDb 6.6,1 h 40 min,2002,R,/gp/video/detail/B000MPEIF6/ref=atv_dp_atf_prime_sd_mv_play_t1B3AAAAAA0wr0?autoplay=1&t=0,X-Ray,HDR,UHD
284_Traffic.html,"While a judge's anti-drug campaign leads him to his own daughter, a DEA agent targets a trafficker's wife, and a policeman fights corruption.","Suspense,Drama",Rated 4.5 out of 5 stars by 2286 Amazon customers.,"2,286",1,IMDb 7.6,2 h 27 min,2001,R,/gp/video/detail/B002O4KGLS/ref=atv_dp_atf_prime_sd_mv_play_t1A3AAAAAA0wr0?autoplay=1&t=0,X-Ray,,
285_FrostNixon.html,David Frost holds a historic interview with Richard Nixon three years after Watergate.,"Drama,Historical",Rated 4.5 out of 5 stars by 885 Amazon customers.,885,1,IMDb 7.7,2 h 2 min,2009,R,/gp/video/detail/B00274CUAA/ref=atv_dp_atf_prime_sd_mv_play_t1A3AAAAAA0wr0?autoplay=1&t=0,X-Ray,,
286_Kaal.html,"After a series of mysterious deaths,wildlife expert Krish Thapar (John Abraham) is sent to Corbett National Park with his wife Riya (Esha Deol) to investigate the cause of the deaths.They meet a group of friends led by Dev (Vivek Oberoi) who come hunting to the forest.This entire group faces a battle for survival in the midst of spooky locations,mysterious deaths,man-eating tigers and Kaali!","Horror,International",Rated 2.9 out of 5 stars by 11 Amazon customers.,11,1,IMDb 4.7,2 h 5 min,2005,16+,/gp/video/detail/B095HTXK4Q/ref=atv_dp_atf_prime_sd_mv_play_t1ADAAAAAA0wr0?autoplay=1&t=0,X-Ray,,
353_Christmas_DoOver.html,"Kevin tries to be involved with his son and ex-wife's family for Christmas. During dinner, he thought his Christmas *day* couldn't be more screwed; his son suddenly wishes it was Christmas every day. After that, it was a regular Groundhog's Day. Kevin learns new dance moves and can actually sing but don't let the caroling fool you.","Kids,Comedy",Rated 4.4 out of 5 stars by 202 Amazon customers.,202,1,IMDb 5.5,1 h 29 min,2006,13+,/gp/video/detail/B092LKPV9H/ref=atv_dp_atf_prime_sd_mv_play_t1A3AAAAAA0wr0?autoplay=1&t=0,X-Ray,,
371_The_Goonies.html,"Brothers uncover a treasure map, and with their friends, descend to a subterranean sea and an abandoned galleon in this fun-filled, fast-paced adventure.","Comedy,Drama",Rated 4.8 out of 5 stars by 39099 Amazon customers.,"39,099",1,IMDb 7.7,1 h 53 min,1985,PG,/gp/video/detail/B004ADB17Y/ref=atv_dp_atf_prime_sd_mv_play_t1A3AAAAAA0wr0?autoplay=1&t=0,X-Ray,,UHD
373_Dead_End.html,"It's Christmas Eve and like every year, the Harringtons take a trip to their in-laws to celebrate the holidays. Taking an unfamiliar shortcut, Mr. Harrington makes the biggest mistake of his life, leading his family down a terror-filled road with no end.","Suspense,Horror",Rated 4.3 out of 5 stars by 850 Amazon customers.,850,1,IMDb 6.5,1 h 23 min,2004,R,/gp/video/detail/B07WNS7BQX/ref=atv_dp_atf_prime_sd_mv_play_t1ADAAAAAA0wr0?autoplay=1&t=0,X-Ray,,
375_Galaxy_Quest.html,The alumni cast of a cult space TV show have to play their roles as the real thing when an alien race needs their help.,"Science Fiction,Comedy",Rated 4.8 out of 5 stars by 16193 Amazon customers.,"16,193",1,IMDb 7.4,1 h 42 min,1999,7+,/gp/video/detail/B007QA3AH2/ref=atv_dp_atf_prime_sd_mv_play_t1B3AAAAAA0wr0?autoplay=1&t=0,X-Ray,,
383_The_Running_Man.html,A wrongly convicted man (Arnold Schwarzenegger) must try to survive a public execution gauntlet staged as a game show.,"Suspense,Horror",Rated 4.7 out of 5 stars by 5482 Amazon customers.,"5,482",1,IMDb 6.7,1 h 40 min,1987,R,/gp/video/detail/B00JE5NGH6/ref=atv_dp_atf_prime_sd_mv_play_t1B3AAAAAA0wr0?autoplay=1&t=0,X-Ray,HDR,UHD
392_Monster_Island.html,Six friends win a vacation to the Bermuda Triangle and become trapped with only an MTV Crew to help keep them alive. They have to rescue Carmen Electra escape while they all battle the monsters on Monster Island.,"Science Fiction,Comedy,Horror",Rated 3.7 out of 5 stars by 72 Amazon customers.,72,1,IMDb 3.5,1 h 32 min,2004,13+,/gp/video/detail/B09JYLRHYT/ref=atv_dp_atf_prime_sd_mv_play_t1A3AAAAAA0wr0?autoplay=1&t=0,X-Ray,,
3_Inglourious_Basterds.html,"In Nazi-occupied France during World War II, a plan to assassinate Nazi leaders by a group of Jewish U.S. soldiers coincides with a theater owner's vengeful plans for the same.","Drama,Adventure",Rated 4.7 out of 5 stars by 22012 Amazon customers.,"22,012",1,IMDb 8.3,2 h 32 min,2009,R,/gp/video/detail/B002YCVWXQ/ref=atv_dp_atf_prime_sd_mv_resume_t1A3AAAAAA0wr0?autoplay=1&t=0,X-Ray,,
421_Dead_Men_Dont_Wear_Plaid.html,"As the private eyes of private eyes, Steve Martin is Rigby Reardon. He's tough, rough and ready to take on anything when Juliet Forrest (Rachel Ward) appears on the scene with a case: her father, a noted scientist, philanthropist and cheesemaker, haS died mysteriously. Reardon immediately smells a rat and follows a complex maze of clues that lead him to the ""Carlotta Lists"".","Suspense,Comedy",Rated 4.6 out of 5 stars by 1706 Amazon customers.,"1,706",1,IMDb 6.8,1 h 28 min,1982,PG,/gp/video/detail/B002SWPLKW/ref=atv_dp_atf_prime_sd_mv_play_t1A3AAAAAA0wr0?autoplay=1&t=0,X-Ray,,
455_Netherbeast_Incorporated.html,"It's just another day at NetherBeast Incorporated: cubicles, coffee and blood in the drinking fountain. They are, after all, vampires. But all is not well when an employee is found dead with a stake through his heart. This is going to be one hell of a day at the office.","Science Fiction,Comedy",Rated 3.7 out of 5 stars by 164 Amazon customers.,164,1,IMDb 5.5,1 h 29 min,2007,16+,/gp/video/detail/B091YLYSNG/ref=atv_dp_atf_prime_sd_mv_play_t1B3AAAAAA0wr0?autoplay=1&t=0,X-Ray,,
538_Luck_By_Chance.html,"The movie depicts how Bollywood is not just about the glitz and glamour but also about the struggles people go through to make it big. This could not be more true for couple Vikram (Farhan Akhtar) and Sona (Konkona Sen Sharma) who are trying to shine in a dog eat dog industry. Vikram seems to be willing to go to any extent, but there is a price to pay.",Drama,Rated 4 out of 5 stars by 56 Amazon customers.,56,1,,2 h 35 min,2009,13+,/gp/video/detail/B094H1VWYR/ref=atv_dp_atf_prime_sd_mv_play_t1ADAAAAAA0wr0?autoplay=1&t=0,X-Ray,,
542_Candyman_2_Farewell_to_the_Flesh.html,His myth has endured for generations. His legacy is eternal rage. And now he's back   with a vengeance!,"Suspense,Horror",Rated 4.5 out of 5 stars by 2451 Amazon customers.,"2,451",1,IMDb 5.2,1 h 34 min,1995,R,/gp/video/detail/B01BZ1TUS0/ref=atv_dp_atf_prime_sd_mv_play_t1A3AAAAAA0wr0?autoplay=1&t=0,X-Ray,,
544_Meatballs.html,Bill Murray stars as Tripper who guides a fun-seeking collection of lovable campers and libidinous staff members through the unique pleasures of a hysterical coed summer experience.,"Comedy,Young Adult Audience",Rated 4.7 out of 5 stars by 2217 Amazon customers.,"2,217",1,IMDb 6.2,1 h 33 min,1979,16+,/gp/video/detail/B0865KBZD6/ref=atv_dp_atf_prime_sd_mv_play_t1ADAAAAAA0wr0?autoplay=1&t=0,X-Ray,,
553_Saw.html,Two strangers awaken in a room with no memory of how they got there and soon discover that they are pawns in a deadly game orchestrated by a serial killer.,"Suspense,Horror",Rated 4.4 out of 5 stars by 4771 Amazon customers.,"4,771",1,IMDb 7.6,1 h 43 min,2004,R,/gp/video/detail/B000XSEPYQ/ref=atv_dp_atf_prime_sd_mv_play_t1B3AAAAAA0wr0?autoplay=1&t=0,X-Ray,HDR,UHD
563_The_Things_We_Carry.html,"When her addict mother dies, Emmie returns home, traveling through the underbelly of suburbia looking for a package her mother left behind, reconnecting with her estranged sister, Eve, along the way. This independent film screened at eighteen festivals across the US, winning a number of awards.",Drama,Rated 3.5 out of 5 stars by 29 Amazon customers.,29,1,IMDb 6.6,1 h 16 min,2009,13+,/gp/video/detail/B09G6VCM4T/ref=atv_dp_atf_prime_sd_mv_play_t1A3AAAAAA0wr0?autoplay=1&t=0,X-Ray,,
565_The_Dresser.html,Personal Assistant Norman (Sir Tom Courtenay) of deteriorating veteran actor Sir (Albert Finney) struggles to get him through a difficult performance of King Lear.,Drama,Rated 4.5 out of 5 stars by 289 Amazon customers.,289,1,IMDb 7.5,1 h 58 min,1983,16+,/gp/video/detail/B001E8WQSQ/ref=atv_dp_atf_prime_sd_mv_play_t1A3AAAAAA0wr0?autoplay=1&t=0,X-Ray,,
567_Husbands.html,"After the death of a common friend, three married men leave their lives together, seeking pleasure and freedom and ultimately leaving for London.","Comedy,Drama",Rated 4 out of 5 stars by 143 Amazon customers.,143,1,IMDb 7.1,2 h 11 min,1970,PG-13,/gp/video/detail/B00ILICDR6/ref=atv_dp_atf_prime_sd_mv_play_t1A3AAAAAA0wr0?autoplay=1&t=0,X-Ray,,
619_White_Zombie.html,"A young man, Charles Beaumont (Robert Frazer) turns to a witch doctor 'Murder' Legendre (Bela Lugosi) to lure the woman he loves, Madeline Short (Madge Bellamy) away from her fiance John Harron (Neil Parker), but instead turns her into a zombie slave.",Horror,Rated 4.5 out of 5 stars by 299 Amazon customers.,299,1,IMDb 6.2,1 h 6 min,1932,13+,/gp/video/detail/B099HDJRGF/ref=atv_dp_atf_prime_sd_mv_play_t1A3AAAAAA0wr0?autoplay=1&t=0,X-Ray,,
6_Saving_Private_Ryan.html,"Based on a World War II drama. US soldiers try to save their comrade, paratrooper Private Ryan, who's stationed behind enemy lines.","Drama,Military and War",Rated 4.8 out of 5 stars by 31690 Amazon customers.,"31,690",1,IMDb 8.6,2 h 49 min,1998,18+,/gp/video/detail/B07RHZ7SFL/ref=atv_dp_atf_prime_sd_mv_resume_t1A3AAAAAA0wr0?autoplay=1&t=0,X-Ray,HDR,UHD
70__Sammy_Davis_Jr_in_Anna_Lucasta__All_Black_Cast_Classic.html,"When wild child Anna Lucasta (Eartha Kitt), is banished from the family home by her self-righteous father, she falls into prostitution and into the arms of streetwise sailor Danny Johnson (Sammy Davis, Jr.). But after she shocks them all by finally finding her true love with a young suitor, her unforgiving father sets a vengeful plan in motion to remind his daughter of her sordid past.","Suspense,Drama",Rated 4.9 out of 5 stars by 18 Amazon customers.,18,1,IMDb 6.8,1 h 36 min,1958,13+,/gp/video/detail/B09DK521CN/ref=atv_dp_atf_prime_sd_mv_play_t1A3AAAAAA0wr0?autoplay=1&t=0,X-Ray,,
711_Death_Line.html,"When people vanish inside a London subway station, Inspector Calhoun (Donald Pleasence of Halloween) investigates and makes a horrifying discovery. The lone descendant of a grisly tribe has surfaced, prowling the streets for fresh victims... and a new mate.","Suspense,Horror",Rated 3.9 out of 5 stars by 237 Amazon customers.,237,1,IMDb 5.9,1 h 27 min,1973,16+,/gp/video/detail/B07736TK3P/ref=atv_dp_atf_prime_sd_mv_play_t1B3AAAAAA0wr0?autoplay=1&t=0,X-Ray,,
716_Troll_2.html,"Trolls live in the woods around Nibog and feed on the town's population. By transforming themselves into people, the trolls are able to come into town and pick their menu. This summer, their prey is the Waits Family, who have arrived to spend their vacation in the countryside. But before the trolls can eat them, they must first be turned into vegetables.","Comedy,Horror,Fantasy",Rated 4.5 out of 5 stars by 1231 Amazon customers.,"1,231",1,IMDb 2.9,1 h 34 min,1990,PG-13,/gp/video/detail/B001BY24MQ/ref=atv_dp_atf_prime_sd_mv_play_t1A3AAAAAA0wr0?autoplay=1&t=0,X-Ray,,
731_Blonde_Ambition.html,"A young woman's unconventional, comedic journey up the corporate ladder while finding love along the way.",Comedy,Rated 3.7 out of 5 stars by 172 Amazon customers.,172,1,IMDb 3.9,1 h 32 min,2007,PG-13,/gp/video/detail/B0B75234SR/ref=atv_dp_atf_prime_sd_mv_play_t1ADAAAAAA0wr0?autoplay=1&t=0,X-Ray,,
761_Jesus_Camp.html,"A growing number of Evangelical Christians believe there is a revival underway in America that requires youth to assume leadership roles. Levi, Rachael, and Tory spend their summer at Pastor Becky Fischer's camp in North Dakota, learning how to become dedicated Christian soldiers in ""God's army.""",Documentary,Rated 4.3 out of 5 stars by 691 Amazon customers.,691,1,IMDb 7.4,1 h 24 min,2006,PG-13,/gp/video/detail/B001AMRHNU/ref=atv_dp_atf_prime_sd_mv_play_t1A3AAAAAA0wr0?autoplay=1&t=0,X-Ray,,
78_TimecrimesEnglish_Subtitled.html,A man being pursued by a murderer stumbles into a mysterious lab and accidentally travels back in time.,"Science Fiction,Suspense,Horror",Rated 4.2 out of 5 stars by 733 Amazon customers.,733,1,IMDb 7.1,1 h 32 min,2007,R,/gp/video/detail/B0023M0GW0/ref=atv_dp_atf_prime_sd_mv_play_t1A3AAAAAA0wr0?autoplay=1&t=0,X-Ray,,
800_Rock_On.html,"Four talented friends(Farhan Akthar, Purab Kholi, Arjun Rampal and Luke Kenny) pursue their passion making it big as a band, only to fail. Years later, fate brings them together with a second chance. After struggling through the rough patches, Adi, Joe, KD and Rob eventually form the country's best band, Magic and rock the nation with their outstanding live performances.","Drama,International",Rated 3.8 out of 5 stars by 41 Amazon customers.,41,1,,2 h 25 min,2008,16+,/gp/video/detail/B093T4P2FT/ref=atv_dp_atf_prime_sd_mv_play_t1ADAAAAAA0wr0?autoplay=1&t=0,X-Ray,,
826_Happy_Go_Lucky_1936.html,"A singer (Venable) believes her marine pilot husband, accused of treason, has died in the Pacific. She decides to take a singing job in Shanghai, and finds a man who looks exactly like her husband dancing in a club act. Realizing it is her husband, and thinking he must have amnesia, she sets out to help him recover his memory and clear his name.","Comedy,Suspense,Military and War",Rated 3.5 out of 5 stars by 12 Amazon customers.,12,1,IMDb 5.0,53min,1936,PG,/gp/video/detail/B0013Z0XVM/ref=atv_dp_atf_prime_sd_mv_play_t1A3AAAAAA0wr0?autoplay=1&t=0,X-Ray,,
872_The_Most_Dangerous_Game.html,"A psychotic big game hunter, Zaroff (Leslie Banks) deliberately strands the survivor, Robert Rainsford (Joel McCrae), of a luxury yacht on a remote island. It is here Zaroff begins to hunt Rainsford and a companion, Eve Trowbridge (Fay Wray), for sport.",Action,Rated 4.3 out of 5 stars by 337 Amazon customers.,337,1,IMDb 7.1,1 h 1 min,1932,13+,/gp/video/detail/B099H8MWC6/ref=atv_dp_atf_prime_sd_mv_play_t1A3AAAAAA0wr0?autoplay=1&t=0,X-Ray,,
875_The_Flying_Deuces.html,"Oliver is heartbroken when he finds that Georgette, the inkeeper's daughter he's fallen in love with, is already married to dashing Foreign Legion officer Francois.","Comedy,Military and War",Rated 4.1 out of 5 stars by 308 Amazon customers.,308,1,IMDb 6.8,1 h 3 min,1939,PG-13,/gp/video/detail/B07DL21XS7/ref=atv_dp_atf_prime_sd_mv_play_t1B3AAAAAA0wr0?autoplay=1&t=0,X-Ray,,
884_Fay_Grim.html,A single mother from Queens becomes unwittingly embroiled in international espionage in director Hal Hartley's sequel to the critically acclaimed Henry Fool.,"Suspense,Comedy",Rated 4 out of 5 stars by 97 Amazon customers.,97,1,IMDb 6.1,1 h 58 min,2007,16+,/gp/video/detail/B001AT95D8/ref=atv_dp_atf_prime_sd_mv_play_t1A3AAAAAA0wr0?autoplay=1&t=0,X-Ray,,
885_Diggstown.html,"Highlighted by suspenseful boxing sequences, this witty film casts James Woods, Bruce Dern and Louis Gossett, Jr. as offbeat characters who live for sparring, betting and swindling.","Comedy,Drama",Rated 4.7 out of 5 stars by 523 Amazon customers.,523,1,IMDb 6.9,1 h 37 min,1992,R,/gp/video/detail/B00K1WHZM8/ref=atv_dp_atf_prime_sd_mv_play_t1BDAAAAAA0wr0?autoplay=1&t=0,X-Ray,,
898_Bella.html,"Sooner or later every one of us will face an irreversible moment that will change our lives forever. If it hasn't happened to you yet, it will. BELLA is a true love story about how one day in New York City changed three people forever.","Drama,Romance",Rated 4.5 out of 5 stars by 938 Amazon customers.,938,1,IMDb 7.1,1 h 31 min,2007,PG-13,/gp/video/detail/B07XLX7JCJ/ref=atv_dp_atf_prime_sd_mv_play_t1ADAAAAAA0wr0?autoplay=1&t=0,X-Ray,,
955_A_Funny_Thing_Happened_on_the_Way_to_the_Forum.html,"Zero Mostel, Buster Keaton, Phil Silvers and an all-star cast scam their way through this boisterous romp amidst gorgeous girls, mistaken identities, stunning surprises, cunning disguises and great Sondheim songs.",Comedy,Rated 4.6 out of 5 stars by 1284 Amazon customers.,"1,284",1,IMDb 6.8,1 h 37 min,1966,13+,/gp/video/detail/B001BKHU5G/ref=atv_dp_atf_prime_sd_mv_play_t1A3AAAAAA0wr0?autoplay=1&t=0,X-Ray,,
989_The_Harimaya_Bridge.html,A grieving father mourning the death of his estranged son travels to rural Japan to collect his artwork but instead discovers the destructive power of prejudice while finally learning about the son he never knew and the secrets he left behind.,Drama,Rated 4.2 out of 5 stars by 36 Amazon customers.,36,1,IMDb 6.4,2h,2009,13+,/gp/video/detail/B005FDWERE/ref=atv_dp_atf_prime_sd_mv_play_t1BDAAAAAA0wr0?autoplay=1&t=0,X-Ray,,
