file,movie_id
74_Charade,0056923
6087_Charade,0056923
5539_McLintock,0057298
2961_El_Gran_McLintock,0057298
1946_The_Black_Stallion,0078872
833_The_Black_Stallion,0078872
4633_Howard_The_Duck,0091225
5433_Howard_the_Duck,0091225
6210_Patriot_Games,0105112
2430_Patriot_Games,0105112
6_Saving_Private_Ryan,0120815
5513_Saving_Private_Ryan,0120815
5857_Gladiator,0172495
1_Gladiator,0172495
2190_Kabhi_Kabhie,0248126
569_Kabhi_Khushi_Kabhie_Gham,0248126
3054_Aakaasam_Nee_Haddhu_Ra_Telugu,10189514
3130_Soorarai_Pottru_Tamil,10189514
5350_Agent_Sai_Hindi,10214826
1846_Agent_Sai_Srinivasa_Athreya,10214826
2733_KGF_Chapter_2_Kannada,10698680
1365_KGF_Chapter_2_Tamil,10698680
4545_KGF_Chapter_2_Malayalam,10698680
1364_KGF_Chapter_2_Telugu,10698680
331_KGF_Chapter_2_Hindi,10698680
5569_Ponniyin_Selvan_Part_1_Hindi,10701074
1405_Ponniyin_Selvan_Part_1,10701074
2367_Satyameva_Jayate_2,10739666
3057_Satyameva_Jayate,10739666
849_Sushi,10757606
3498_Biswa_Kalyan_Rath_Sushi,10757606
598_Sarileru_Neekevvaru,10773090
5349_Major_Ajay_Krishna,10773090
2910_Andy_Murray_Resurfacing,11243364
435_Resurfacing,11243364
4826_Sarpatta_Parampara,11580854
2533_Sarpatta_Parambarai,11580854
549_and_Baby_Sharks_Space_Adventure,11727004
4627_Pinkfong_and_Baby_Sharks_Space_Adventure,11727004
5822_Leanne_Morgan_So_Yummy,11978184
2915_So_Yummy,11978184
3435_Vamshajan,11998558
6194_Vaarasudu,11998558
189_Varisu,11998558
3322_KickAss,1250777
6223_KickAss,1250777
4171_Mane_Number_13,13242968
953_13aam_Number_Veedu,13242968
4406_Saani_Kaayidham_Tamil,13466166
5135_Chinni,13466166
38_Pink_Floyd__The_Making_Of_The_Dark_Side_Of_The_Moon_Classic_Album,13730338
2345_The_Making_Of_The_Dark_Side_Of_The_Moon_Classic_Album,13730338
222_Nene_Vasthunna,13845438
3796_Naane_Varuvean,13845438
1252_Anni_Manchi_Sakunamule,14986032
6073_Anni_Manchi_Sakunamule_Hindi,14986032
5865_A_Star_Is_Born,1517451
2509_A_Star_Is_Born_Encore,1517451
1484_Raktha_Sambandham,15175418
3504_Udanpirappe,15175418
3124_Confidential,1533089
6112_Tab_Hunter_Confidential,1533089
5721_The_Winter_Palace,16150832
1407_The_Winter_Palace_4K_UHD,16150832
1409_A_Lot_Like_Christmas_4K_UHD,16150870
634_A_Lot_Like_Christmas,16150870
925_When_Hope_Calls_Christmas,16391448
2953_When_Hope_Calls_Christmas_4K_UHD,16391448
2_Air,16419074
5_AIR,16419074
4600_Whitney_Cummings_Money_Shot,1659261
1090_Money_Shot,1659261
5704_Cartoon_Classics__Vol_3_25_Favorite_Cartoons__3_Hours,17151856
5420_Cartoon_Classics__Vol_2_25_Favorite_Cartoons__3_Hours,17151856
9_80_For_Brady,18079362
4_80_for_Brady,18079362
2899_Love_Mocktail,18184012
333_Love_Mocktail_2,18184012
151_Billy_Gardell_Halftime,1860180
3234_Halftime,1860180
5628_Paranormal_Activity_4__Unrated,2109184
705_Paranormal_Activity_4,2109184
14_Hacksaw_Ridge,2119532
5689_Hacksaw_Ridge,2119532
1087_Ponniyin_Selvan_Part_2,22444570
3582_Ponniyin_Selvan_Part_2_Hindi,22444570
162_Balaga,26690825
6292_Balagam,26690825
1426_Completely_Normal,3500822
5440_Tom_Segura_Completely_Normal,3500822
1806_All_The_Old_Knives,3706352
2381_All_the_Old_Knives,3706352
1971_Arent_You_Embarrassed,4240704
5526_Sebastian_Maniscalco_Arent_You_Embarrassed,4240704
1974_Fun_Size,4552412
5571_Brad_Williams_Fun_Size,4552412
453_Door_to_the_Other_Side,4908764
3885_Door_To_the_Other_Side,4908764
507_Martin_Lawrence_Doin_Time_Uncut,5707274
3365_Doin_Time_Uncut,5707274
1826_Rammstein_Paris,5722116
3931_Paris,5722116
1436_Daddy_Issues,5773474
5482_Brad_Williams_Daddy_Issues,5773474
1700_Thugs_Of_Hindostan_Hindi,5970844
864_Thugs_Of_Hindostan_Tamil,5970844
1403_Thugs_Of_Hindostan_Telugu,5970844
907_The_Protege,6079772
5533_The_Protege,6079772
4285_Accident_Man,6237612
1174_Accident_Man,6237612
378_Accident_Man,6237612
1355_The_Ghazi_Attack_Hindi,6299040
1213_The_Ghazi_Attack_Hindi,6299040
5166_The_Ghazi_Attack_Hindi,6299040
1444_Azeem_Banatwalla_Cometh_The_Hour,6318484
3808_Cometh_The_Hour,6318484
2632_Con_Man,6675400
5421_Con_Man,6675400
318_Keep_It_Real,6774914
2348_Kanan_Gill_Keep_It_Real,6774914
2400_Biswa_Kalyan_Rath_Biswa_Mast_Aadmi,6789140
340_Biswa_Mast_Aadmi,6789140
417_Zero_to_Sixty,6856134
3282_Bob_Saget_Zero_to_Sixty,6856134
225_Haq_Se_Single,7020272
2897_Zakir_Khan_Haq_Se_Single,7020272
2026_The_Silencing,7149730
726_The_Silencing,7149730
4107_Super_Size_Me_2_Holy_Chicken,7215262
1141_Super_Size_Me,7215262
3965_Sye_Raa_Narasimha_Reddy_Telugu,7283064
2818_Sye_Raa_Narasimha_Reddy_Hindi,7283064
2466_Sye_Raa_Narasimha_Reddy_Malayalam,7283064
2276_Sye_Raa_Narasimha_Reddy_Kannada,7283064
1824_Sye_Raa_Narasimha_Reddy_Tamil,7283064
5582_Jim_Gaffigan_Noble_Ape,7535580
1256_Noble_Ape,7535580
3306_19841989_Lonestar,7552842
317_Stevie_Ray_Vaughan__19841989_Lonestar,7552842
596_KGF_Chapter_1_Hindi,7838252
1305_KGF_Chapter_1_Telugu,7838252
1402_KGF_Chapter_1_Malayalam,7838252
3341_KGF_Chapter_1_Kannada,7838252
3047_KGF_Chapter_1_Tamil,7838252
950_Kal_Main_Udega,8060054
4039_Rahul_Subramanian_Kal_Main_Udega,8060054
4556_Kevin_Smith_Silent_But_Deadly_Extended_Edition,8102036
1021_Silent_But_Deadly_Extended_Edition,8102036
3977_Out_On_A_Limb,8235056
1273_Steven_Tyler_Out_On_A_Limb,8235056
5306_Marakkar_Arab_Sagar_Ka_Sher,8345300
1367_Marakkar_Arabikkadalinte_Simham,8345300
1366_Maraikkayar_Arabikkadalin_Singam,8345300
633_FLASHBACK,8372094
1132_Flashback,8372094
4543_Kaappaan,8411144
3974_Bandobast,8411144
491_Fake_News_Real_Jokes,8618716
3280_Dennis_Miller_Fake_News_Real_Jokes,8618716
5757_Hard_Luck_Love_Song,8709338
2130_Hard_Luck_Love_Song_4K_UHD,8709338
2358_Guava_Island_4K_UHD,8858104
6327_Guava_Island,8858104
479_Chanakya,8933650
3407_Gopichand_Chanakya,8933650
3293_Mercury_Rising,9168022
183_Queen_Mercury_Rising,9168022
566_Yuvarathnaa_Tamil,9320226
4833_Yuvarathnaa_Telugu,9320226
5309_Yuvarathnaa_Hindi,9320226
472_Pushpa_The_Rise_Hindi,9389998
282_Pushpa_The_Rise_Kannada,9389998
2807_Pushpa_The_Rise_Tamil,9389998
5132_Pushpa_The_Rise_Malayalam,9389998
6227_Pushpa_The_Rise_Telugu,9389998
1385_Unposted_English_Subbed,9699028
2053_Unposted__English_Dubbed,9699028
